idx,x_0,x_1,x_2,x_3,x_4,x_5,x_6,x_7,bits_of_precision,error_2to_neg_bits,level_proportional,l2_norm,squared_norm,plaintext_value,decrypted_real
0,3.781019,-3.144720,4.209005,4.465659,3.745081,-3.842572,-3.062683,-1.582628,-5.2569,3.823707e+01,1.000000,10.125163,102.518932,3.862165e+01,3.844572e-01
1,-0.042091,3.983712,-4.935414,-2.725885,2.936550,-0.857133,-4.161856,-1.079044,-3.0058,8.032227e+00,1.000000,8.689297,75.503876,8.294645e+00,2.626240e-01
2,-1.604288,-4.776975,3.904383,-4.761303,3.358203,-0.404016,-4.595683,3.129903,1.0706,4.761209e-01,1.000000,10.279339,105.664802,1.427214e+00,9.510852e-01
3,2.763537,2.171288,-4.345828,1.287901,4.861796,2.713140,-2.859197,-4.141264,-1.8145,3.517377e+00,1.000000,9.445624,89.219809,3.618885e+00,1.015306e-01
4,4.736314,2.404913,4.787673,2.861715,-3.664432,-3.806098,-2.780917,1.259011,-4.5926,2.412739e+01,1.000000,9.826523,96.560557,2.494257e+01,8.154666e-01
5,2.006533,2.696513,-0.947877,-1.489874,4.012124,-4.078608,-2.947976,-1.757207,8.0693,3.723048e-03,1.000000,7.676332,58.926075,5.186836e-03,8.909975e-03
6,3.075554,-0.369044,3.540483,4.163808,-2.181470,-1.880041,-3.822337,-3.585712,-4.5788,2.389770e+01,1.000000,8.673436,75.228498,2.406744e+01,1.689763e-01
7,3.154234,-2.459903,-4.167267,3.817310,-1.972270,3.116587,-4.365234,1.782494,-3.4042,1.058684e+01,1.000000,9.152803,83.773796,1.077547e+01,1.886813e-01
8,-4.221595,-0.550804,-1.210182,-2.447515,-2.051912,-2.715947,2.121703,-3.623372,-1.8661,3.645458e+00,1.000000,7.402518,54.797272,6.709865e+00,3.064451e+00
9,1.201677,-3.408122,4.666594,0.918037,0.134660,1.287977,-0.897350,2.438911,-2.6274,6.179114e+00,1.000000,6.641518,44.109756,6.199816e+00,2.074433e-02
10,-0.322191,1.511408,-3.586393,2.479262,0.078602,-3.237580,-1.026859,0.561414,1.5542,3.405173e-01,1.000000,5.766701,33.254846,6.950626e-01,3.545513e-01
11,-4.774965,4.058695,0.429290,-2.010323,1.448291,-4.781337,-3.263000,1.021942,-0.2686,1.204638e+00,1.000000,8.952611,80.149245,2.460620e+00,3.665239e+00
12,-3.679438,4.701462,4.096555,-1.062450,-3.613378,4.475510,0.082548,1.701087,-3.9132,1.506574e+01,1.000000,9.462546,89.539784,1.759340e+01,2.527957e+00
13,0.328328,-2.235666,-2.216012,-0.843407,-2.491381,0.095007,-2.154728,0.304158,0.4636,7.251744e-01,0.830460,4.656116,21.679420,8.873734e-01,1.621993e-01
14,-3.093683,-2.717738,2.142376,1.107998,3.689057,-0.569930,1.030139,4.820042,-0.9438,1.923588e+00,1.000000,7.810401,61.002359,8.266172e-02,2.006296e+00
15,1.114613,-4.194600,1.499257,4.848077,-1.477777,3.476561,-1.840437,-1.176329,-3.4703,1.108318e+01,1.000000,7.976836,63.629911,1.111211e+01,2.883876e-02
16,-3.904605,1.173753,4.584183,-3.461608,4.813816,2.856812,-4.018625,-4.508812,-3.4318,1.079132e+01,1.000000,10.836698,117.434025,1.353567e+01,2.744509e+00
17,-1.064856,1.968699,3.071060,-4.168883,-1.747063,-1.859149,-3.242835,4.512001,0.7908,5.780235e-01,1.000000,8.318863,69.203484,8.693471e-02,6.649436e-01
18,-0.302372,-0.084686,-2.287581,2.474718,4.329138,1.741168,3.945917,-2.191372,-2.9375,7.660826e+00,1.000000,7.321293,53.601326,8.008456e+00,3.475941e-01
19,1.179360,-2.596515,-4.460624,3.978509,-0.036199,4.736399,-4.477302,0.961273,-1.7431,3.347537e+00,1.000000,9.341496,87.263550,3.370285e+00,2.269238e-02
20,3.662197,-0.129411,3.127618,-0.773830,0.116404,4.483757,-4.073133,4.830805,0.0654,9.556803e-01,1.000000,9.157181,83.853956,1.297735e+00,3.420468e-01
21,2.385060,-1.304400,2.441893,-4.629289,-0.604915,-4.794017,-2.655793,0.616907,-2.0298,4.083482e+00,1.000000,8.097250,65.565454,4.126139e+00,4.265174e-02
22,2.796016,-3.918725,-1.353789,0.990969,-4.800986,3.923483,2.132517,2.492304,0.3259,7.978005e-01,1.000000,8.671290,75.191273,9.055777e-01,1.077546e-01
23,2.691164,-3.148806,-1.994926,4.122649,-4.891101,3.006341,-0.744752,2.144257,-3.3049,9.882664e+00,1.000000,8.731939,76.246766,9.971280e+00,8.832782e-02
24,4.211377,4.401917,-3.217934,-3.583602,-0.957806,2.533633,2.086665,3.744839,-4.0998,1.714600e+01,1.000000,9.274942,86.024553,1.770523e+01,5.588020e-01
25,-1.935401,1.508939,2.289473,0.541695,4.550183,1.205295,-1.130312,0.467716,-1.0106,2.014749e+00,1.000000,5.933891,35.211057,3.166813e+00,1.152018e+00
26,-2.781784,-3.779268,-0.127098,-1.677684,-1.530571,-1.841489,1.737301,1.605847,-0.8077,1.750419e+00,1.000000,6.015202,36.182655,2.730996e-03,1.753093e+00
27,0.002546,1.939418,-4.274817,-1.296112,-4.422375,4.496947,-3.174691,3.432535,-1.8933,3.714840e+00,1.000000,9.238843,85.356219,3.964197e+00,2.492463e-01
28,1.580168,-0.726524,0.816105,4.057672,4.046627,-0.167581,-2.468049,-0.188496,-2.5260,5.759725e+00,1.000000,6.533419,42.685563,5.760694e+00,1.018190e-03
29,-1.110423,-2.127291,-2.605073,-4.374396,3.712324,3.307407,-1.118104,-3.480490,-3.9270,1.521055e+01,1.000000,8.352509,69.764408,1.589804e+01,6.871402e-01
30,-2.823779,0.005668,-4.355239,0.889439,4.717495,-4.329404,-3.130640,-0.880257,-0.8110,1.754427e+00,1.000000,8.905460,79.307221,3.179899e-02,1.786190e+00
31,-0.042855,-2.262111,-2.478600,-4.458202,-4.252693,-3.674983,1.418390,-4.874111,0.8589,5.513728e-01,1.000000,9.407322,88.497703,8.142478e-01,2.628560e-01
32,0.236905,4.954252,-4.740401,-2.085098,-0.576534,-0.909969,-2.599953,-4.225851,-3.3412,1.013448e+01,1.000000,8.786226,77.197768,1.031958e+01,1.847470e-01
33,2.814998,-4.673697,0.895479,-1.647833,3.333179,1.366273,3.668796,-3.140254,0.2968,8.140560e-01,1.000000,8.341639,69.582939,9.255353e-01,1.114780e-01
34,0.255306,-4.302964,3.765820,-0.448878,-1.675269,-4.615808,0.618182,1.201812,-3.6804,1.282067e+01,1.000000,7.674782,58.902284,1.300094e+01,1.800909e-01
35,-3.895088,0.713774,-3.057620,-2.239891,-0.923318,-1.058255,2.911465,1.399437,-3.5048,1.135141e+01,1.000000,6.515736,42.454811,1.408660e+01,2.735176e+00
36,-0.976663,-4.069890,4.197874,-1.314532,-4.174707,3.266823,-0.939137,-4.961096,0.8767,5.446117e-01,1.000000,9.511192,90.462773,7.842517e-02,6.230191e-01
37,3.503013,-4.511877,0.866139,-4.352481,1.063178,-0.590788,-3.589936,2.551888,-2.2946,4.906179e+00,1.000000,8.555792,73.201569,5.195171e+00,2.891135e-01
38,2.148790,4.041998,0.926442,2.971050,0.652999,-1.335987,4.009735,-1.976930,-0.8692,1.826650e+00,1.000000,7.268974,52.837983,1.845340e+00,1.864132e-02
39,-1.855173,4.309443,-4.537091,4.194948,-4.628019,-4.624279,2.942727,-1.552808,0.4138,7.506436e-01,1.000000,10.680315,114.069118,3.509371e-01,1.101566e+00
40,1.781952,-0.257765,2.611256,-0.171932,-2.721940,1.928542,4.611521,-4.833318,-1.9100,3.758091e+00,1.000000,8.114515,65.845347,3.758830e+00,7.764761e-04
41,-0.569150,1.510392,0.900543,-0.650862,4.103081,4.419496,0.422093,-3.710592,-4.1035,1.719003e+01,1.000000,7.358919,54.153684,1.763706e+01,4.470240e-01
42,4.233395,-2.364511,3.585831,3.750148,-0.600619,0.353641,1.280337,-4.207073,-3.0304,8.170362e+00,1.000000,8.382057,70.258878,8.739183e+00,5.685959e-01
43,0.235093,-0.210898,0.573188,0.586370,4.306870,-0.662404,2.508126,-1.684503,-1.0555,2.078438e+00,1.000000,5.374782,28.888277,2.263601e+00,1.852087e-01
44,3.498620,2.326963,-0.027129,4.172825,-3.227537,-4.316264,-3.293322,4.600961,-4.6704,2.546423e+01,1.000000,9.804603,96.130243,2.575210e+01,2.877157e-01
45,2.768934,2.213791,2.873807,-1.596244,4.996906,2.990467,3.147340,1.773470,-3.6703,1.273123e+01,1.000000,8.386748,70.337536,1.283402e+01,1.025521e-01
46,0.482638,0.617622,-3.012748,-1.105592,1.950844,4.028298,-2.475583,-4.267351,-3.0593,8.335681e+00,1.000000,7.435399,55.285152,8.463149e+00,1.274695e-01
47,0.545368,-2.791863,0.003995,3.417990,-1.417932,2.890194,3.310308,-3.062784,3.2227,1.071200e-01,1.000000,7.104726,50.477135,7.425688e-03,1.145460e-01
48,-4.250322,1.411133,-2.596109,-4.207783,2.443692,-4.510724,-1.175025,0.582328,-2.2492,4.754191e+00,1.000000,8.517030,72.539804,7.848458e+00,3.094317e+00
49,-0.553184,-2.668364,-1.504131,0.428724,3.270024,1.597621,-1.343839,2.991032,1.1951,4.367562e-01,1.000000,5.819796,33.870021,3.966976e-03,4.407219e-01
50,-4.914049,4.490039,-3.265791,-1.881960,4.655447,-3.367804,1.572898,-4.855598,-4.8388,2.861699e+01,1.000000,10.843506,117.581623,3.244137e+01,3.824692e+00
51,3.411736,-3.567496,3.136485,0.655256,-2.015169,-3.129585,-3.038985,-4.570920,-4.5140,2.284806e+01,1.000000,8.866669,78.617820,2.310945e+01,2.607675e-01
52,4.055012,0.835806,-2.132205,0.845774,-1.404032,3.581991,1.606044,0.124147,-0.1767,1.130296e+00,1.000000,6.308730,39.800076,1.621970e+00,4.916963e-01
53,-1.920722,2.950478,1.516150,1.844173,-3.679550,-0.606887,-0.865875,-0.690241,-0.1327,1.096344e+00,1.000000,5.764352,33.227749,4.633431e-02,1.142703e+00
54,-3.939005,0.879887,2.444247,-3.990693,1.116099,-3.406949,-4.927865,3.828231,-1.4703,2.770795e+00,1.000000,9.485890,89.982110,7.566400e-03,2.778376e+00
55,-0.412642,-4.021103,-2.353301,1.934919,-0.362749,2.736394,-2.970976,3.929530,-1.8280,3.550445e+00,1.000000,7.583457,57.508823,3.937613e+00,3.871782e-01
56,-0.654704,3.347377,0.010905,4.940484,-4.744406,-0.628624,-2.197275,-1.313811,-1.1421,2.207020e+00,1.000000,8.093253,65.500740,2.688536e+00,4.815558e-01
57,3.175767,-4.710248,-4.148066,3.221636,3.341222,-2.964772,-3.415589,0.452812,-4.5500,2.342537e+01,1.000000,9.575085,91.682251,2.361927e+01,1.942634e-01
58,-3.821334,-1.994306,-0.263297,0.872714,3.020198,0.571821,-0.873316,-1.502400,-0.6985,1.622817e+00,1.000000,5.646173,31.879267,1.040598e+00,2.663387e+00
59,2.277429,-1.983862,-1.443907,-0.009943,-1.894867,-3.225364,1.785662,-2.252843,-0.8100,1.753211e+00,1.000000,5.784872,33.464743,1.783719e+00,3.049904e-02
60,0.663725,-2.212324,2.839419,-1.033721,0.568870,-0.353621,-1.828348,-2.788832,0.0619,9.580016e-01,0.946473,5.102439,26.034886,1.050076e+00,9.204293e-02
61,1.174444,1.924557,-1.794000,-2.581844,-3.650158,2.118238,4.426808,-2.885239,-4.2754,1.936527e+01,1.000000,7.790982,60.699406,1.938794e+01,2.313318e-02
62,-1.732525,1.144553,4.188696,1.679268,-4.715925,2.780679,-3.431959,-3.249945,0.4044,7.555505e-01,1.000000,8.774359,76.989376,2.710611e-01,1.026622e+00
63,0.747030,2.342292,-1.169616,3.635413,-0.094013,-3.746519,-1.269745,0.358045,-1.9327,3.817690e+00,1.000000,6.034427,36.414306,3.895399e+00,7.767836e-02
64,4.956124,3.644117,0.611102,-4.574572,0.034688,0.539461,0.751768,2.516767,-2.4795,5.577041e+00,1.000000,8.144593,66.334396,6.514536e+00,9.373067e-01
65,2.520113,4.855241,-1.326085,-2.242814,2.894730,2.438309,2.480416,2.633456,-4.5466,2.337023e+01,1.000000,8.007834,64.125410,2.343087e+01,6.077685e-02
66,-0.352335,-4.349419,2.088814,0.407345,4.097004,2.131205,-4.888237,1.643946,-2.1419,4.413429e+00,1.000000,8.455504,71.495549,4.778600e+00,3.652652e-01
67,-4.234182,-0.055527,-4.955951,1.007067,-0.028171,-2.005448,0.789354,4.227182,-0.6639,1.584360e+00,1.000000,8.125379,66.021777,1.493148e+00,3.077520e+00
68,-4.451645,-0.649514,2.567593,-2.834664,-4.648290,2.325406,-2.088112,4.108823,-0.7607,1.694313e+00,1.000000,9.117216,83.123623,1.613391e+00,3.307688e+00
69,4.569882,-4.942894,0.933197,-1.594914,1.617663,3.680716,-0.684172,-3.250657,1.7736,2.924780e-01,1.000000,8.713782,75.929996,4.363756e-01,7.288549e-01
70,-0.922370,2.382344,4.771631,4.312589,3.158508,3.280635,-3.806557,0.526384,1.9780,2.538415e-01,1.000000,9.132301,83.398913,3.440403e-01,5.978882e-01
71,-1.223441,-1.827937,4.426041,0.379427,0.263181,-3.415622,-1.876816,-2.086799,-2.3511,5.102131e+00,1.000000,6.647171,44.184879,5.845737e+00,7.437653e-01
72,-1.798521,-2.175127,-1.059110,-3.704588,1.997337,-2.012971,-1.031991,-4.043276,-0.3319,1.258670e+00,1.000000,6.947376,48.266038,2.325302e+00,1.066621e+00
73,3.755573,3.983434,-1.833275,-2.243798,3.694863,-3.161933,4.571062,-2.028277,-3.5959,1.209132e+01,1.000000,9.328770,87.025956,1.246683e+01,3.751666e-01
74,-2.412529,-3.018925,3.531179,0.898091,-1.127387,2.034124,-1.204068,-0.592033,0.2051,8.674786e-01,1.000000,5.951381,35.418940,6.079120e-01,1.475399e+00
75,-0.252995,4.403820,0.775921,-1.401548,4.440653,-1.242260,3.693218,-0.476636,-4.2781,1.940155e+01,1.000000,7.560005,57.153677,1.973246e+01,3.305610e-01
76,1.880860,-4.897828,-3.312549,4.998214,0.624469,3.657631,4.336948,0.083433,1.2056,4.335890e-01,1.000000,9.801315,96.065780,4.368612e-01,3.267795e-03
77,4.573454,3.373639,-4.094277,-3.571012,-3.946115,1.916050,-2.740736,4.834375,0.0753,9.491447e-01,1.000000,10.580125,111.939044,1.679776e+00,7.306628e-01
78,1.223764,4.893899,0.759028,-3.345445,-3.782885,2.443305,-3.798323,0.832829,-2.3722,5.177300e+00,1.000000,8.521548,72.616785,5.196046e+00,1.890238e-02
79,-2.121751,-1.503038,2.233798,0.837840,3.251603,-0.853756,3.181218,0.068232,5.1841,2.750619e-02,1.000000,5.820602,33.879405,1.246060e+00,1.273565e+00
80,-3.428151,-4.495487,0.915702,-2.124003,1.838584,-2.193630,2.189933,-1.897997,-0.5756,1.490297e+00,1.000000,7.341807,53.902123,8.065222e-01,2.296791e+00
81,-2.712651,-4.203842,-1.009181,-2.802395,2.954150,-3.924208,-4.168382,-2.291434,3.4365,9.236563e-02,1.000000,8.980819,80.655115,1.606915e+00,1.699282e+00
82,-3.156227,3.649241,-4.194505,-2.384244,-1.469158,-2.972219,4.717841,3.109915,-4.2979,1.966966e+01,1.000000,9.459351,89.479327,2.172826e+01,2.059124e+00
83,1.597291,-0.409723,3.103137,-0.628329,3.042459,-2.251662,-4.351180,-1.512888,-2.1635,4.480004e+00,1.000000,6.949216,48.291606,4.480725e+00,7.202125e-04
84,-0.789163,3.085340,-0.397081,-0.314360,-4.564916,-1.217720,-1.988214,4.049652,0.9202,5.284358e-01,1.000000,7.285093,53.072575,9.975101e-03,5.384224e-01
85,-1.538237,4.327354,0.705755,1.601455,2.835935,2.241950,0.743376,1.447900,-3.3155,9.955543e+00,1.000000,6.314492,39.872804,1.086900e+01,9.133049e-01
86,0.901680,-4.470484,0.869274,0.081598,3.347325,0.262274,-2.708070,-4.159656,-1.4593,2.749749e+00,1.000000,7.580917,57.470295,2.803937e+00,5.424082e-02
87,-1.176687,-0.421104,-0.171274,1.341156,-4.442949,2.591972,0.866186,4.134486,0.6134,6.536544e-01,1.000000,6.905963,47.692330,6.640354e-02,7.200685e-01
88,3.467089,4.124652,-2.296282,4.802117,3.008451,-4.628526,-4.082299,-3.782803,-2.8745,7.333490e+00,1.000000,10.900252,118.815488,7.611097e+00,2.777829e-01
89,4.242498,-3.182707,-0.274695,0.096760,-3.774531,4.775064,4.655107,0.158786,4.9099,3.326387e-02,1.000000,9.325063,86.956797,5.394056e-01,5.726699e-01
90,1.474410,-0.824382,3.056228,1.166318,-2.193460,0.890095,1.235864,2.902964,-0.4097,1.328410e+00,1.000000,5.395592,29.112412,1.332437e+00,3.998970e-03
91,-2.760541,0.976501,-0.942188,1.625883,-4.074552,-3.998943,3.960796,-2.488946,-0.1946,1.144407e+00,1.000000,8.159757,66.581628,5.920795e-01,1.736468e+00
92,3.513762,-1.117380,4.099561,2.150729,-1.948497,2.199166,-0.745066,4.163261,-2.9051,7.490697e+00,1.000000,7.845249,61.547933,7.783299e+00,2.925479e-01
93,-1.038196,-2.959905,2.182155,3.990469,4.541929,-0.322824,-0.192782,4.081776,-2.2885,4.885479e+00,1.000000,8.243538,67.955926,5.537666e+00,6.521264e-01
94,-2.021329,-2.857958,0.788952,-0.584790,-2.314098,-3.338302,-2.212232,2.959181,-2.5052,5.677280e+00,1.000000,6.585450,43.368153,6.884583e+00,1.207308e+00
95,-1.653388,0.962342,-0.575028,-1.278481,-3.613670,-3.769988,0.346569,-3.365684,0.5946,6.622280e-01,1.000000,6.659154,44.344326,3.174211e-01,9.796661e-01
96,-4.688446,1.717311,-2.672063,3.909880,1.491322,-0.765057,-4.084364,-2.530494,-1.8263,3.546264e+00,1.000000,8.558770,73.252544,2.154333e-02,3.567761e+00
97,-0.033631,2.792969,-3.007114,0.350952,-1.444249,-2.363741,-3.922703,-3.710955,1.9902,2.517040e-01,1.000000,7.334822,53.799620,8.358523e-03,2.600617e-01
98,4.591350,-0.259739,-2.031650,3.731852,-4.650927,-0.921653,-3.179306,0.845092,-4.2788,1.941097e+01,1.000000,8.514988,72.505017,2.015082e+01,7.397539e-01
99,-3.909388,3.426797,-0.426660,-4.678793,-4.152075,4.890045,2.207371,-4.669508,-5.7456,5.365349e+01,1.000000,10.813346,116.928462,5.640207e+01,2.749205e+00
100,2.953878,-4.311293,-3.875774,2.131126,3.403933,-2.698946,-3.591866,-2.310042,-3.8984,1.491198e+01,1.000000,9.164323,83.984821,1.505255e+01,1.406425e-01
101,-4.793634,-2.414922,-3.531731,-3.962616,-1.203895,-2.917480,2.131435,-3.772812,-2.5651,5.917960e+00,1.000000,9.258748,85.724407,9.604310e+00,3.686445e+00
102,-2.593415,-1.744270,-3.930962,3.199147,-1.381671,2.715935,3.009207,-0.931670,-0.6818,1.604140e+00,1.000000,7.393506,54.663938,3.212638e+00,1.608442e+00
103,2.951872,2.762593,-2.836096,1.417133,-4.362350,1.133013,4.228926,2.295056,-1.3008,2.463655e+00,1.000000,8.358354,69.862083,2.603907e+00,1.401972e-01
104,2.810710,-2.154956,-1.302622,-0.595626,0.162047,-3.602097,1.031867,3.515307,-2.0094,4.026147e+00,1.000000,6.404609,41.019013,4.136850e+00,1.106312e-01
105,-0.773695,-1.259638,0.632027,3.177771,4.115768,-2.550192,3.053105,2.236695,3.4806,8.958494e-02,1.000000,7.102835,50.450260,4.421355e-01,5.317192e-01
106,2.636641,-0.522746,0.637132,4.903338,2.951720,4.758799,-1.039771,-3.330630,2.5617,1.693758e-01,1.000000,8.672188,75.206838,2.483597e-01,7.898836e-02
107,-0.032322,1.884271,-2.740108,-0.564711,0.098581,-3.287991,2.455305,-3.069603,-1.8832,3.688924e+00,1.000000,6.135976,37.650202,3.948497e+00,2.596664e-01
108,2.760132,-3.722285,-1.421008,-3.131058,-4.453718,2.244616,4.642127,3.042626,-0.3428,1.268216e+00,1.000000,9.432780,88.977340,1.369114e+00,1.008889e-01
109,3.370592,-1.044680,-0.154640,-4.148127,-2.740693,0.414759,2.342693,-2.622927,-1.3768,2.596917e+00,1.000000,7.052269,49.734495,2.845328e+00,2.484681e-01
110,3.532083,-1.965727,1.811251,-2.082410,0.280728,1.081040,-0.852955,3.554029,0.4708,7.215644e-01,1.000000,6.209900,38.562863,1.020021e+00,2.984482e-01
111,-2.529512,3.891489,-2.004213,-1.614192,-2.849041,-0.006620,0.042243,-1.667623,-3.5043,1.134748e+01,1.000000,6.250154,39.064428,1.290828e+01,1.560785e+00
112,-0.658733,-2.989359,2.722183,1.212027,3.735941,0.002529,4.982141,0.457366,2.3472,1.965271e-01,1.000000,7.565558,57.237661,6.797370e-01,4.832135e-01
113,0.910062,-1.081087,-3.587163,-2.498312,-2.340182,-4.748749,1.236404,0.143680,12.1120,2.259044e-04,1.000000,7.119176,50.682668,5.331627e-02,5.309037e-02
114,-0.448835,-0.905839,2.596358,-1.828501,-0.836477,2.622877,1.121548,0.542876,-1.4548,2.741186e+00,0.874292,4.498695,20.238255,3.141733e+00,4.006356e-01
115,2.827251,3.039685,-1.391281,-4.986885,-1.638706,1.729527,-3.561968,0.636661,-2.3393,5.060570e+00,1.000000,7.925106,62.807299,5.174416e+00,1.139148e-01
116,-2.997203,4.775578,-1.350207,2.380348,-3.198351,-3.934085,2.935301,-1.181311,-0.3736,1.295582e+00,1.000000,8.660049,74.996447,3.221708e+00,1.926148e+00
117,-2.956240,4.937675,-3.031821,-2.608014,0.658925,-2.223154,-4.936160,4.729265,-1.1510,2.220678e+00,1.000000,10.060908,101.221879,4.113284e+00,1.892614e+00
118,0.864054,-0.024926,-2.037631,4.483360,-0.826088,-4.240871,-3.338357,2.675330,-4.3128,1.987386e+01,1.000000,7.872045,61.969092,1.993282e+01,5.955678e-02
119,-1.528463,2.411611,-0.830910,0.248450,2.405179,-0.196026,-4.691872,4.167753,0.1817,8.816635e-01,1.000000,7.356042,54.111358,2.609510e-02,9.077796e-01
120,-2.644526,-0.363994,1.236920,-1.167311,-0.320514,-4.031176,3.077663,-4.104832,1.2292,4.265539e-01,1.000000,7.259019,52.693363,2.073615e+00,1.647075e+00
121,4.087581,-2.011359,2.811269,-2.609647,4.281659,-0.735482,0.420751,-3.618113,0.9897,5.035825e-01,1.000000,8.222450,67.608682,1.738917e-03,5.053201e-01
122,2.240183,-4.879654,1.632700,-1.176732,-0.247769,3.074320,4.854665,0.418665,0.5755,6.710536e-01,1.000000,8.132388,66.135735,6.978130e-01,2.676705e-02
123,0.837025,-1.067831,2.296202,2.378193,2.106291,3.653307,2.962920,2.962855,0.6736,6.269403e-01,1.000000,6.936118,48.109735,6.904623e-01,6.352884e-02
124,3.173455,-2.599088,-2.334249,1.868094,-3.100373,2.279401,3.937005,3.105811,4.4638,4.531712e-02,1.000000,8.106702,65.718623,2.389760e-01,1.936601e-01
125,-3.624966,-1.135746,-1.019464,1.823993,0.367452,-3.564059,-3.439343,-2.350778,1.2229,4.284207e-01,1.000000,6.999238,48.989333,2.905331e+00,2.476906e+00
126,-1.711832,1.263404,3.454029,0.995983,-3.082614,-0.816939,2.836184,-3.908899,1.4068,3.771473e-01,1.000000,7.137380,50.942191,1.391372e+00,1.014238e+00
127,0.588092,4.607960,-1.330433,-4.676115,1.843664,-1.105532,3.889529,-4.740850,-5.2470,3.797558e+01,1.000000,9.350970,87.440639,3.808144e+01,1.061392e-01
128,1.744597,2.520629,1.599988,0.204533,3.107269,-4.647522,4.432551,-1.637919,-0.5488,1.462868e+00,1.000000,8.098385,65.583847,1.463201e+00,2.822268e-04
129,2.396191,-3.018737,4.422318,-2.064302,0.165639,-0.735388,-0.166249,4.134432,-2.0342,4.095955e+00,1.000000,7.507472,56.362138,4.140084e+00,4.402464e-02
130,-3.825635,3.580584,1.796429,-0.052380,0.424045,1.765633,-3.910584,1.542131,-0.2948,1.226715e+00,1.000000,7.187077,51.654078,3.894268e+00,2.667547e+00
131,0.121559,3.603127,-3.782454,-0.670668,2.891841,-4.432565,4.487223,0.385862,-3.3587,1.025816e+01,1.000000,8.720579,76.048493,1.047351e+01,2.152874e-01
132,-0.297363,0.833878,4.530358,0.404216,1.810494,-3.835143,-1.430655,3.903405,-1.9009,3.734461e+00,1.000000,7.532653,56.740862,4.080179e+00,3.458470e-01
133,-2.058591,-0.807260,-3.451796,-2.861927,-2.849942,-3.351374,1.233632,2.750932,2.7893,1.446562e-01,1.000000,7.310153,53.438339,1.087030e+00,1.231686e+00
134,-3.928765,-3.448367,-3.957732,-1.054753,0.853950,-2.085298,-3.891668,-4.568088,-1.4534,2.738527e+00,1.000000,9.229994,85.192788,2.982172e-02,2.768273e+00
135,-3.076513,-0.439593,1.822879,-0.248508,-3.315393,4.160593,-3.376629,-4.263385,1.5082,3.515496e-01,1.000000,8.421595,70.923267,1.640360e+00,1.991913e+00
136,2.151392,0.583224,-1.920970,3.628780,-3.921919,-1.690737,-2.744997,-2.732533,-3.1951,9.158428e+00,1.000000,7.420822,55.068593,9.177183e+00,1.885234e-02
137,3.072046,-2.363984,-1.687936,-4.242217,-0.502792,4.766624,-2.635467,-3.671328,-1.6154,3.063965e+00,1.000000,8.903328,79.269257,3.232149e+00,1.681230e-01
138,-1.233185,-3.714587,-2.008134,2.761358,4.688933,1.882316,2.482076,1.801575,1.4646,3.623360e-01,1.000000,7.868430,61.912183,3.864090e-01,7.487520e-01
139,1.494154,2.984297,-1.939208,-1.942912,-4.763992,3.133754,1.898822,-3.079121,-3.8599,1.451930e+01,1.000000,8.017263,64.276511,1.452265e+01,3.293480e-03
140,-2.345586,2.382958,2.713944,-3.779741,-3.593831,2.062985,-0.731329,-0.171443,-3.2052,9.222769e+00,1.000000,7.111115,50.567958,1.065049e+01,1.427618e+00
141,0.648257,-3.810462,0.469132,-1.152501,2.005122,-0.606178,1.523974,-0.427473,3.8319,7.022361e-02,1.000000,4.835431,23.381394,2.462035e-02,9.484407e-02
142,3.624379,3.280210,-1.096569,-4.797632,4.106926,-4.802255,3.477363,-0.026770,-3.2216,9.328208e+00,1.000000,10.006842,100.136894,9.656982e+00,3.290683e-01
143,0.981652,-0.621935,-3.524977,-4.139425,1.220840,-0.879692,2.224214,-0.060180,-3.1159,8.669207e+00,1.000000,6.174610,38.125809,8.713033e+00,4.376733e-02
144,-3.708805,2.098569,1.995290,-3.959549,-1.111127,-3.745793,-0.458848,2.334210,0.1775,8.842339e-01,1.000000,7.664404,58.743085,3.439911e+00,2.555696e+00
145,-0.527185,2.753577,4.130243,3.169891,-2.862065,0.661241,0.374245,1.676385,2.3814,1.919231e-01,1.000000,6.822478,46.546207,2.386296e-01,4.305555e-01
146,4.559852,-2.188945,0.400462,2.085502,3.968615,-0.467408,-3.107078,-2.502856,-3.1333,8.774397e+00,1.000000,7.872739,61.980014,9.498015e+00,7.237904e-01
147,3.251819,3.989310,-0.011833,4.813752,1.739986,2.737644,0.884624,-4.251967,-0.1894,1.140289e+00,1.000000,8.890743,79.045306,1.354956e+00,2.146300e-01
148,1.280346,-3.098205,3.527854,-4.966370,-3.539110,-0.629440,4.839206,-1.613209,-1.1335,2.193903e+00,1.000000,9.342944,87.290602,2.208505e+00,1.457446e-02
149,-1.711603,2.058427,-3.720762,4.223634,4.284880,-4.383953,-1.810150,-3.593997,0.4127,7.512162e-01,1.000000,9.624061,92.622560,2.628724e-01,1.014101e+00
150,-0.851971,-1.677263,-0.456975,-0.761622,-3.580542,-4.457676,-4.464972,-0.358001,-3.3343,1.008612e+01,1.000000,7.555346,57.083255,1.065224e+01,5.660729e-01
151,2.894597,2.183869,-3.904363,-4.399672,2.557418,-2.518871,1.339796,1.081471,-3.0294,8.164701e+00,1.000000,7.974890,63.598865,8.292498e+00,1.277794e-01
152,-1.391514,-2.885314,-1.591512,2.349974,-2.312697,1.707659,1.907949,3.379751,0.5994,6.600284e-01,1.000000,6.453239,41.644289,1.720750e-01,8.321201e-01
153,-1.335957,3.824723,-1.290536,0.651744,-0.711743,4.292533,-3.613747,4.438847,-1.8263,3.546264e+00,1.000000,8.378454,70.198487,4.348679e+00,8.023657e-01
154,3.350008,-3.732560,2.888712,0.575041,-4.840325,1.513852,-0.542251,3.012692,-3.5434,1.165923e+01,1.000000,8.301851,68.920729,1.190176e+01,2.424265e-01
155,3.342881,4.922893,1.493357,3.904908,1.862640,-4.895125,2.236386,4.000609,-0.9878,1.983159e+00,1.000000,10.066088,101.326125,2.223445e+00,2.403521e-01
156,-0.805865,3.303362,-3.832110,-1.105661,4.673163,-4.127629,-4.249680,4.431230,1.4769,3.592599e-01,1.000000,10.200025,104.040520,1.864564e-01,5.457077e-01
157,-2.105022,3.997758,4.660627,0.444678,-4.124645,0.874892,-2.617881,-1.649177,0.4207,7.470621e-01,1.000000,8.347670,69.683590,5.153232e-01,1.262404e+00
158,-2.810830,4.838042,-1.804647,-3.753215,4.575817,-2.478204,-0.352913,0.191138,-4.4465,2.180368e+01,1.000000,8.711571,75.891465,2.357960e+01,1.775952e+00
159,4.648521,-0.763244,4.417790,2.288231,-4.490647,-1.735452,0.094111,-0.630370,-4.0122,1.613588e+01,1.000000,8.398100,70.528086,1.690475e+01,7.691732e-01
160,0.873553,3.349953,2.792919,-1.942615,3.431783,-4.186458,2.867208,-2.566642,-2.3565,5.121264e+00,1.000000,8.226270,67.671519,5.179513e+00,5.819127e-02
161,-2.692661,4.102410,-4.157625,2.234661,-2.461904,-0.030601,1.362611,-1.419304,-2.8127,7.025983e+00,1.000000,7.502852,56.292786,8.709852e+00,1.683879e+00
162,2.397086,0.856913,0.729983,-2.914932,0.570737,-3.700620,-1.951002,1.290930,0.6126,6.540170e-01,1.000000,5.916356,35.003269,6.981751e-01,4.413598e-02
163,-4.630096,-2.381657,-3.966409,-3.790785,-2.864287,-1.525573,-2.696213,0.506543,-1.1414,2.205950e+00,1.000000,8.675840,75.270191,1.296747e+00,3.502763e+00
164,-1.516449,4.871198,4.382658,-0.821287,4.319096,1.610717,4.405629,2.200586,-4.6831,2.568938e+01,1.000000,9.560938,91.411538,2.658976e+01,9.010102e-01
165,-2.046314,2.634797,-2.911915,1.804111,4.579236,2.759220,-4.035313,-2.885377,-2.3061,4.945444e+00,1.000000,8.720979,76.055473,6.168952e+00,1.223627e+00
166,-3.789837,3.487514,-4.029599,0.356617,0.131004,1.757224,2.771637,1.248255,-4.5283,2.307566e+01,1.000000,7.432063,55.235567,2.570799e+01,2.633020e+00
167,4.366087,-1.439044,-3.720765,4.371100,-2.132550,1.368728,-1.897674,-0.192750,-3.1718,9.011704e+00,1.000000,8.008974,64.143671,9.640989e+00,6.294200e-01
168,-1.409947,1.231334,-3.356442,-4.111075,-0.503615,0.561782,-2.700704,3.395165,-2.4522,5.472500e+00,1.000000,7.145694,51.060941,6.314648e+00,8.421120e-01
169,1.588756,-2.463891,-1.618747,0.220626,-3.896929,-2.815730,-3.829520,-4.239071,-3.4862,1.120600e+01,1.000000,8.186162,67.013255,1.120659e+01,8.623034e-04
170,0.931799,2.548259,-0.149908,-1.676791,-0.408132,-0.929749,-2.163192,3.729592,2.8876,1.351281e-01,1.000000,5.460424,29.816232,1.852928e-01,5.016452e-02
171,-2.637561,-4.701547,0.333337,0.040484,-0.998773,1.676909,0.562453,1.531260,-0.6731,1.594495e+00,1.000000,5.970319,35.644712,4.723872e-02,1.641784e+00
172,1.735425,0.709055,3.183413,0.305874,4.803613,3.069374,-4.200825,2.025073,4.3415,4.932627e-02,1.000000,8.245347,67.985742,4.952566e-02,1.983201e-04
173,4.893875,-4.241297,-1.977793,-4.335078,3.998684,-3.026093,-3.685292,3.291513,-2.6255,6.170982e+00,1.000000,10.686689,114.205325,7.073114e+00,9.019413e-01
174,-2.501390,2.252063,2.895212,2.803964,-1.413583,-0.061612,1.208880,2.396654,-0.4352,1.352098e+00,0.965071,6.064698,36.780558,1.878987e-01,1.540040e+00
175,-3.984093,0.342216,3.084939,2.912743,3.566083,3.806749,-1.982559,-2.310705,1.3664,3.878579e-01,1.000000,8.394594,70.469212,2.435213e+00,2.823080e+00
176,4.148860,1.047399,-1.016824,-0.421504,-3.605981,2.920240,4.908023,1.636170,-1.9790,3.942197e+00,1.000000,8.235188,67.818323,4.473735e+00,5.314573e-01
177,-3.060829,-3.160869,-4.948495,2.897929,-3.574216,0.938316,0.131833,-3.474801,-0.9780,1.969733e+00,1.000000,8.831333,77.992438,9.042717e-03,1.978820e+00
178,0.183276,1.906170,-2.061170,-1.967427,-2.332362,-1.842589,3.466972,3.688056,-2.2194,4.656997e+00,1.000000,6.800218,46.242963,4.855508e+00,1.986559e-01
179,-1.982407,-3.540293,-2.010002,-1.615464,-1.915525,3.023730,1.184956,1.616640,-0.7880,1.726679e+00,1.000000,6.320069,39.943270,2.908831e+00,1.182103e+00
180,2.407114,-3.110367,3.587778,0.148595,3.471444,3.241412,4.225789,-1.935214,-0.7012,1.625857e+00,1.000000,8.516034,72.522832,1.671297e+00,4.539296e-02
181,-1.531233,1.949290,-4.529725,-2.687103,-3.083190,4.265715,4.838935,-2.285872,-5.4414,4.345349e+01,1.000000,9.498749,90.226229,4.436372e+01,9.093436e-01
182,-4.972921,-4.217781,2.777382,-4.720960,-4.159396,-0.160462,-4.254809,1.200393,-1.8402,3.580597e+00,1.000000,10.459044,109.391604,3.125085e-01,3.893209e+00
183,-2.075262,-0.308817,4.276380,-1.904227,-3.771183,1.203876,1.558557,1.528500,0.9138,5.307852e-01,1.000000,6.837553,46.752130,1.773456e+00,1.242672e+00
184,2.015819,4.603098,-2.276675,1.515508,4.467584,-4.123960,4.200078,-2.352677,-2.5926,6.031848e+00,1.000000,9.637123,92.874141,6.041256e+00,9.436837e-03
185,-2.620290,0.824374,3.972778,2.659368,1.352585,-0.277266,-4.931182,2.285010,-1.3639,2.573800e+00,1.000000,7.864153,61.844905,4.202537e+00,1.628699e+00
186,3.761897,-2.448757,3.315696,-2.767515,-0.882499,1.888572,0.654919,1.651214,2.1169,2.305418e-01,1.000000,6.804572,46.302196,1.469218e-01,3.774649e-01
187,4.743856,-0.262833,3.609282,-3.737241,4.519277,4.526017,4.966998,-4.768212,-4.3419,2.027879e+01,1.000000,11.742349,137.882748,2.109798e+01,8.195067e-01
188,-3.941338,2.655941,2.246157,2.320727,-3.751324,0.612619,-0.525968,-0.235568,-1.0083,2.011539e+00,1.000000,6.913684,47.799031,7.690871e-01,2.780680e+00
189,4.492539,4.966778,4.246561,-3.412076,-4.008830,-1.158955,-4.584687,-0.015725,2.7789,1.457027e-01,1.000000,10.628303,112.960830,5.445595e-01,6.902599e-01
190,-2.086967,-3.463052,2.539023,3.955001,-0.270723,3.367215,-1.216752,-0.650749,-0.2637,1.200554e+00,1.000000,7.193901,51.752218,2.450956e+00,1.250414e+00
191,0.689228,3.984949,-2.899240,-0.221514,1.036313,1.139297,-3.429051,4.510088,-0.8386,1.788314e+00,1.000000,7.699399,59.280741,1.875888e+00,8.751585e-02
192,0.658273,1.628821,2.016310,-1.914358,3.165547,-0.274289,2.708411,-1.021554,-3.0686,8.389588e+00,1.000000,5.412175,29.291643,8.482800e+00,9.302549e-02
193,-0.873259,0.187519,3.890608,-2.420238,-3.715711,0.499438,-2.522023,1.744531,0.9812,5.065582e-01,1.000000,6.726965,45.252063,6.905246e-02,5.756019e-01
194,1.616762,-3.285206,-2.338894,-4.566426,-4.003620,-3.673865,1.496923,-2.763345,5.7036,1.918869e-02,1.000000,8.895633,79.132285,1.963212e-02,4.438924e-04
195,2.087573,-0.622868,-0.049257,1.507452,0.753017,-0.955900,-1.177156,3.960064,-2.0927,4.265456e+00,1.000000,5.056614,25.569345,4.279533e+00,1.401828e-02
196,-1.965825,3.474887,-0.068808,-4.669116,1.627004,4.901889,1.253850,4.934860,-5.3333,4.031654e+01,1.000000,9.505016,90.345333,4.148745e+01,1.171446e+00
197,-3.006038,-3.909194,4.630803,-1.826820,3.469236,-4.935502,-0.481841,4.579557,-1.3129,2.484404e+00,1.000000,10.329519,106.698966,4.417851e+00,1.933420e+00
198,2.264273,2.864526,-0.870303,-1.324166,4.774394,4.554032,-1.429115,-4.704832,-4.0604,1.668408e+01,1.000000,9.140850,83.555145,1.671352e+01,2.915300e-02
199,4.325880,3.838667,3.535912,-2.192052,3.544452,-4.920083,-3.418957,-4.755624,4.0736,5.939149e-02,1.000000,11.037751,121.831956,6.700568e-01,6.106636e-01
