eval_index,divergence,noise_term,depth_term,fitness,x_norm
0,0.0049120135917015695,0.5331264797165967,0.6254428304165188,0.45910810257495555,3.917663531015722
1,0.0004390688945870025,0.5400916547886997,0.6452399467456928,0.4640568803126447,3.968846905703139
2,0.008359631546055013,0.5030846749204456,0.6162171401431703,0.44476711104922895,3.6969022529071234
3,0.0036529473065609608,0.5299653871363452,0.6456015095146125,0.4623160937291173,3.894434339461781
4,0.002470933751525628,0.4798360336957906,0.6387766140352253,0.4340219348099885,3.5260603282668073
5,0.0014107914755898676,0.5453344203607552,0.6336569516245721,0.4641750871433391,4.007373207180839
6,0.007761163881697897,0.5153198529266939,0.6179583627284354,0.45080859916357546,3.7868120819894178
7,0.012297754506262137,0.49405229373572573,0.6474317253383064,0.45355341897561685,3.6305280777124858
8,0.01270344225891007,0.4878346038980974,0.6222306869008177,0.44328995027820406,3.584837575269252
9,0.004510331801509393,0.4784044438697868,0.6319791636078209,0.43330630281874905,3.5155403344828002
10,1.0182219212617749e-05,0.31842520307683975,0.664975115609825,0.35871531844058,2.339937806341108
11,0.0002660046566395069,0.4721243890985131,0.66532783439221,0.435926549523559,3.4693915452437456
12,0.0005536509504442122,0.4279538759537495,0.6507895320670893,0.40976744854744573,3.1448058885990418
13,0.004187529294487735,0.46252551326414615,0.6552137496494636,0.4320144108213999,3.398854501548152
14,2.6169203316175893e-05,0.10817856773655651,0.1979137962477668,0.11348959194592448,0.7949468761790112
15,0.001033716585834732,0.3358417152517553,0.6603891178281458,0.3670713095601561,2.46792251012365
16,2.035484638396312e-05,0.4450246870298137,0.6665726895494803,0.4225045052261349,3.2702502184944677
17,0.010022003254512413,0.5309396174269131,0.6665745500713949,0.4754641769893874,3.901593440773345
18,0.0040236022267787774,0.31139548450781585,0.5343366930945225,0.3200223524090434,2.2882801357526787
19,0.0005956944244167595,0.4294159806316062,0.5869402602080099,0.3913857628026228,3.1555501198328972
20,0.0007028338515188137,0.4124459340602074,0.6383065499272883,0.39841776585980904,3.030846254799315
21,4.206270562245873e-05,0.20220977550169095,0.3314935344624053,0.20059501079518954,1.4859323129456432
22,0.0026979384357130876,0.4137803159045787,0.5128223016608534,0.36343478688625847,3.0406519187215455
23,0.0016960892602481126,0.4493423151221098,0.6635111542241775,0.4254205930885563,3.3019781756701634
24,0.005640174848893786,0.3497689506419783,0.6260243453484877,0.3683319537744293,2.5702663708246845
25,0.0019022782501076918,0.3935253645513048,0.6602394881040722,0.39673680695698177,2.891809031980296
26,0.00041281479796584364,0.3316710901257191,0.6362532245559666,0.35712432722761533,2.4372747997219917
27,0.0002510122449763674,0.28682039577825874,0.5914778090975656,0.3211045528633754,2.107690852439569
28,0.006418446674549827,0.41911300223041303,0.6663970187088446,0.4158940534024097,3.0798390000913796
29,0.007491627296322356,0.42160664343528786,0.6278026249563908,0.4066357365008835,3.098163445751947
30,0.003851916572609859,0.3271851364803305,0.6186830916762169,0.3530494123156402,2.404309907399051
31,0.0026011390001321466,0.3792391681588476,0.6644208143373332,0.3915469673807559,2.786827357400166
32,0.00045858904214057805,0.3161370616501539,0.4383887167970659,0.2900437349063373,2.3231234694769958
33,0.0007256124122516638,0.4669608894348699,0.6078229369897822,0.41655293822662126,3.4314477268548704
34,0.0003351637788107098,0.28551075191365277,0.4081397135322196,0.265532453795303,2.0980669748004153
35,0.0011231655966212895,0.44811168130304824,0.6050284105760847,0.4066875294209708,3.292934900919423
36,0.007785145320767128,0.5063383395835054,0.6487927406853845,0.4555921373181352,3.7208117075629863
37,0.004500059385070587,0.4211993690844877,0.5955683198115677,0.39377023987078474,3.095170602717596
38,6.30224933104162e-05,0.2400724250280724,0.46824384188287055,0.2605723875722078,1.7641648278940405
39,0.002882225979806474,0.3330246617764364,0.4853003800448379,0.3149846708814761,2.447221479345654
40,0.004123704266681294,0.4851806119569062,0.6598614921672559,0.4446724578953112,3.565334797157121
41,0.004411235942482605,0.4534613948487849,0.6263146931357372,0.4190363413075962,3.3322471062907537
42,0.009781660755865396,0.5031789705619089,0.6358613359259445,0.45212954681460316,3.697595181526783
43,0.00018901773939222766,0.34727913556010137,0.5020587367529671,0.32444620654533307,2.551970041311231
44,0.0021703645747828126,0.41106153986676325,0.5598148471225635,0.37564558864493347,3.020673076668885
45,0.00014350515879035797,0.35297773059726556,0.5531588435331664,0.34258002351737304,2.5938459915866576
46,0.0029707333580182294,0.5246183211147143,0.6656939404666001,0.4649880760553554,3.855141589339872
47,0.0005157573264411575,0.46411596253225695,0.6666557031826224,0.43257044954735635,3.410541869054115
48,0.001633410637564836,0.3842816885065273,0.6392628648632932,0.38555311434981643,2.8238821630084163
49,0.00311180429743807,0.425133900682761,0.6154261313658668,0.4003065940485786,3.1240833870954763
50,4.3056045471612236e-05,0.41691844888553575,0.5931489903151627,0.3864469775827883,3.063712392366577
51,0.0016501089936857838,0.35406651402106426,0.6506731228961646,0.3738853028730673,2.6018468830727794
52,1.942841871249712e-05,0.3630198798602962,0.6375500524533955,0.37279438408487925,2.667640416432531
53,5.0603695296524975e-05,0.28315773808020467,0.49849428960641345,0.2911777596173229,2.080775925051441
54,0.0022386722144289717,0.4045550553949372,0.6617090439457562,0.40302891309562444,2.972860375742937
55,0.0015794092274272753,0.4651707520372053,0.6535512111021423,0.43023014857667263,3.4182929572736143
56,0.00013916150625647994,0.2995348457906548,0.4214878333405228,0.27635293440374076,2.2011225971110497
57,0.006108399584638047,0.48312505512758264,0.6636492282131335,0.44676569561236945,3.550229601049713
58,0.0030682834088351374,0.47200758359047196,0.6280497601845977,0.42748700325945044,3.4685332035622034
59,0.007053783101099498,0.48957401547346296,0.6635235924562174,0.45089786857469616,3.597619587706261
60,0.012343683529239424,0.40357367092301766,0.6628847376355339,0.4129959402814084,2.9656487021498563
61,0.0033473835630313253,0.4019192940875387,0.6152720174410674,0.3888886358391209,2.9534915648822446
62,3.996353991987667e-05,0.344219219017666,0.5740219195334696,0.34435614890879374,2.529484338757827
63,0.0040164476399375815,0.43190726390949186,0.6473036904063503,0.4141611867165886,3.173857238339542
64,0.006232753649814793,0.4265124802022513,0.5742974171087102,0.39177821888355346,3.1342138362732834
65,0.0011393229732572507,0.40138495342808655,0.5846869809126446,0.37723789396109386,2.9495649789888048
66,0.0031429548916790395,0.43771142208777697,0.6079128563223765,0.4043725228322804,3.2165089161091434
67,0.0010610461831883633,0.29836856831500586,0.5766663981171785,0.3232452497758448,2.1925522429695263
68,0.00046634865454286967,0.43748899931731794,0.604541215653163,0.4005732130091507,3.214874449224741
69,0.00014154068455162275,0.2890934223140464,0.4607691832381175,0.2829190068130101,2.124394117993026
70,0.0061742976725054355,0.40820129131174215,0.6663700424517212,0.41018595606389285,2.999654628176881
71,0.003423431624135276,0.5097204761972169,0.6664254365885645,0.45821130069931304,3.7456652343949197
72,0.004179499203916137,0.4324485858723655,0.6484932747042602,0.41495177455137694,3.177835126126349
73,0.0069051673794136015,0.5031793048182938,0.6643301392572386,0.4577938615657321,3.6975976377995416
74,0.002875062505948378,0.48822524634758996,0.6562245729119881,0.44385505755333976,3.5877081992886355
75,0.00255901239380929,0.4933879358767559,0.6650307980864127,0.44876221975811104,3.6256460644292337
76,0.0034101186626607216,0.5005551285251717,0.6441219519649538,0.4469242685147327,3.6783139590597704
77,0.0032548075641167795,0.5196947609568988,0.6665525620909986,0.4630679566698658,3.8189609590262377
78,0.0004653579647158068,0.40878435908523725,0.6575803194006604,0.40213163332753254,3.003939283768452
79,0.0002842478378957125,0.41536142788383384,0.6651895731245071,0.40752183371716477,3.052270671447677
80,0.0025686175949912737,0.45183207170830936,0.6580379540678923,0.4258960396695136,3.320274075329931
81,0.0010734425244932067,0.44073367189523444,0.6055158403056978,0.4030950305638198,3.23871782581963
82,0.00822531387674541,0.5473637641299732,0.6631183074184241,0.4808426881672593,4.02228577742268
83,0.005047575357914669,0.36049257667863743,0.5104123988688659,0.3384175833578932,2.6490686067714018
84,0.0025446632719541284,0.46757296746232796,0.6664921694782605,0.4362787978465963,3.435945563404995
85,0.0006372074912626147,0.510094749563012,0.5772733065125991,0.4288665742265484,3.7484155707064555
86,0.007472243299341486,0.43912777095805866,0.6659757976101944,0.42682886806142917,3.226916912199016
87,0.005628845706826091,0.49925304536127196,0.6605601067332562,0.45342340040743895,3.668745640997101
88,0.0009225671968948745,0.5516889695738971,0.6666652602325386,0.476766630053605,4.054069416533645
89,0.001792006701751614,0.46796159283646394,0.6495511006607503,0.43063813331820866,3.438801365008189
90,0.003084346757033396,0.36888191772018775,0.578113451656579,0.360959341114101,2.7107174212613643
91,0.00404508219873323,0.5472463201178709,0.6666309937123847,0.4776575403713841,4.021422743713693
92,0.004683580206945148,0.554033393672095,0.6555052200571946,0.478351843060151,4.071297344877453
93,0.00028687912594405063,0.404216760863507,0.6501921946169903,0.39745291794279464,2.9703744287886034
94,0.0022924121368541606,0.5371616867943159,0.6631103668194053,0.4698063655798337,3.94731612605636
95,0.002797837786008728,0.3902533597120015,0.6238013109287922,0.3850649109206471,2.8677648051036644
96,0.0002581285680344214,0.4562485784048708,0.6380949904158477,0.41981091489522415,3.3527286388864126
97,0.0006172408249192074,0.4695022044208583,0.6619663338496576,0.4339582431902457,3.45012250182895
98,3.685268764552774e-05,0.35708062755554315,0.5368954330195158,0.33964579637127185,2.623996003631649
99,0.0005529271548763148,0.3995787321107823,0.6179073914499288,0.3857145106452461,2.9362920172190057
100,0.0032956794751202168,0.5268258600205348,0.6506945001997634,0.46191695954531664,3.871363621059679
101,0.00310286578907526,0.5757715477757932,0.6653638703000959,0.49059780076700066,4.2310395013896
102,0.0025158275763867977,0.581117528667201,0.6655499322369111,0.49273957158106063,4.270324277465455
103,0.009463220245317316,0.4069368737492014,0.6183777678868139,0.39844498748596213,2.9903630946267654
104,0.005860357868703758,0.5103797531972456,0.6498218610227166,0.4559967927741415,3.750509911142589
105,0.008791934090387699,0.45980053291742456,0.6326284342262823,0.4284807308169847,3.3788300673224114
106,0.0013060653421637092,0.36379623492542135,0.5218341699465124,0.3397544337888281,2.6733454377388766
107,0.007773288267994616,0.4493787421802919,0.6660328257981382,0.432272507097582,3.3022458587862937
108,0.0009558359763257585,0.4962127498050366,0.5920693025111763,0.42668300163219697,3.6464041226570174
109,0.00020634933178220738,0.4569561116132772,0.6213000992365053,0.4150744349093724,3.3579279248964227
110,0.0029546558418909186,0.4267882763187443,0.5689422815264682,0.3870314784592035,3.1362405155486304
111,0.0001267943872580446,0.5275393756211982,0.6418325501426385,0.45644624724064875,3.8766068684951014
112,8.871940873600437e-05,0.45761198934872194,0.6381477820690592,0.4203390487038147,3.362747622252898
113,0.0015122635388937766,0.5256143842416683,0.666541846729419,0.4642820096785536,3.8624611285777872
114,0.012362549782891197,0.5906582636893174,0.6666106078980601,0.5076748639969679,4.340434075191314
115,0.0029125609444728973,0.4428151557464496,0.5587009885788027,0.3919304353913385,3.254013545849591
116,0.0003735830789217687,0.4150190352550934,0.6360832736464602,0.39870808280040654,3.049754609751364
117,0.0005312871684353127,0.5152555153249725,0.6467772446668053,0.4521922182309631,3.7863392991029423
118,0.002483961765469722,0.40284848027899356,0.6326605123912871,0.3937063556223526,2.960319661017558
119,0.009994915427171236,0.49210611367738116,0.6425849160108003,0.44882344706910193,3.616226633440913
120,0.0038107837236012188,0.5111363373898934,0.6666416729665977,0.4593714543085272,3.7560696468009165
121,0.0009534483784299219,0.5315641716790444,0.6487879858840907,0.46137192998317933,3.9061829584765664
122,0.0009811616446460114,0.4387525044314102,0.5915382013591832,0.397818874268106,3.22415927767551
123,9.628621965074302e-05,0.48370774902172226,0.5675197691274216,0.4122060914687383,3.554511509200345
124,0.0050036399893100825,0.5668449604357435,0.6666590121445123,0.4884238238505355,4.16544274900707
125,0.007280638075986445,0.42887242680458754,0.6485305553987409,0.4162760180979025,3.151555831261099
126,0.0020956537223408844,0.5579341915410221,0.632122273150864,0.4706994314381111,4.099962237983275
127,0.0037299107562001055,0.6001732942076407,0.6662928541254104,0.5037044140976435,4.410354984162018
128,0.003133956174294905,0.4872292434545391,0.6512560271185089,0.44212538603711715,3.580389102677704
129,0.005131301675651123,0.45635726173703567,0.6588702786038722,0.4309710161253306,3.3535272950084605
130,0.005218254138758649,0.46612714596895344,0.6641916373059232,0.43753931831501236,3.425320988651246
131,0.0012749513794561018,0.42036442665115253,0.5846197061357526,0.38684307654575817,3.089035053938789
132,0.00760682148435321,0.5621501462592556,0.6537243178127742,0.48479918995781324,4.130943051498329
133,0.0003615277645663273,0.41470856471441014,0.6145375824271126,0.3920770848499052,3.047473126536844
134,0.003902724753255926,0.4903522342204155,0.6491742654938555,0.4438311215116203,3.6033383042211664
135,0.0011820540720126615,0.44099166692021696,0.6650085116852155,0.4211804410376858,3.240613694321781
136,4.924742930789705e-05,0.5589378459296407,0.6527917589827485,0.47535569808895284,4.107337561373937
137,0.01627684162440346,0.5461804383576356,0.6585738347992018,0.4869392112429818,4.013590144397544
138,8.49212872289229e-06,0.5719066309804296,0.6650962513367434,0.4854906830199607,4.202638279248739
139,0.0027051019510178076,0.53429533892565,0.6607150063505501,0.4680672733190078,3.9262528569457236
140,0.0024610450440336606,0.5825333792883692,0.6659324331816542,0.49350746464271456,4.2807286121870485
141,0.00868865439514277,0.5538448794893395,0.6573710677983445,0.48282241447931584,4.069912054206367
142,0.001337440215548824,0.5033614116750631,0.6364541281635608,0.44395438450214864,3.698935844432783
143,0.006608446594684292,0.5465946089871918,0.6221833271683753,0.46656074923879276,4.016633664524124
144,0.005180258023750106,0.5230856080856359,0.6498656479404828,0.4616827564487129,3.843878494809799
145,0.0009808106905389025,0.5960936729835277,0.6656477329799343,0.498721967076283,4.3803760131333025
146,0.00021139215393084498,0.48415078015699436,0.6410877795517455,0.43461311609795167,3.557767109865093
147,7.563606906924036e-05,0.5236265487039213,0.6637170383810685,0.4610040219353505,3.847853580297634
148,0.0035180045068047283,0.44125568472094756,0.658746176662997,0.4217696998661776,3.2425538210061866
149,0.003188855088621434,0.49914788781556685,0.6635734664216882,0.4518348389229113,3.6679728940083582
150,0.0079020245586916,0.5642638451065825,0.6663120852581395,0.48992757268942466,4.146475502435909
151,0.0005191356151135196,0.5204634592059874,0.6000936444167092,0.44077895854312,3.824609714455551
152,0.00929078861169419,0.5664539467058074,0.6332757494215809,0.48250048679107216,4.1625693966447725
153,0.007475363793532364,0.49276765107796844,0.665118243550022,0.45339466239752324,3.621087920672531
154,0.0035871393633968296,0.5220100765162856,0.6007182226096742,0.44480764440444187,3.8359749841683106
155,0.009132240935633362,0.5733888066011391,0.6666653345732743,0.4958262446081852,4.213530001188532
156,0.007027213229990004,0.5698965321256679,0.665742746773813,0.4916983033249679,4.187867129668582
157,0.008812898686361592,0.5184125045623913,0.6656217511892543,0.4677056763243335,3.8095383373683447
158,0.0038767404435233743,0.5541351027880321,0.6320831434029203,0.4705692348584155,4.07204475118616
159,0.0002943146834235577,0.48723442435853864,0.6425101865996575,0.43666458284259013,3.58042717439132
160,0.0018148293362675316,0.46497281781615407,0.6266161154162287,0.42228607286921316,3.416838443740982
161,0.0018919600130562486,0.4729909893159504,0.6655442057159893,0.43805071638582826,3.4757597302748646
162,0.0025401869559225077,0.5207090319021299,0.6666656112296231,0.4628943862758744,3.8264142978564775
163,0.003781687723353855,0.5151547616831137,0.6467372244116312,0.45538023588840004,3.785598914066098
164,0.0031851508601965506,0.4981395472503154,0.6317333545351888,0.4417749308459109,3.6605631343929113
165,0.002731416841103451,0.5363898252453113,0.6481703633071959,0.46537743845591784,3.941644125214954
166,0.005104842401101095,0.5542282524181901,0.6080578962063885,0.46463633747211264,4.072729258377008
167,0.010658659910156132,0.4955151216854516,0.6626476862681173,0.4572105266333172,3.6412776238874156
168,0.0015055773082307544,0.4847976289627626,0.6657330888551286,0.4436243184461506,3.5625204584096752
169,0.0033424440509813858,0.5156034898373003,0.6519115680868381,0.456717659395683,3.788896379099033
170,0.00793579475650974,0.5425845490267142,0.6208645993604465,0.46548744907800077,3.9871658623007176
171,0.002005268700566276,0.4873495965182265,0.6332439171945894,0.43565324211805634,3.5812735134627487
172,0.0013435365223326556,0.5327537135328718,0.6583166614594441,0.46521539172660176,3.914924270185251
173,0.010599024147271319,0.5160185721691678,0.6278555438529502,0.4569649733877402,3.7919465988419923
174,0.0005730704517241669,0.5217436474868978,0.6629068437664357,0.46031694732510375,3.8340171386443154
175,0.000703943805486773,0.5872155385120306,0.6659400979204267,0.49409374243763005,4.315135315164357
176,0.005372008762833502,0.5402017867490936,0.6651841876054696,0.47502815841902113,3.969656207025151
177,0.01964951008668514,0.5281370856272959,0.6654157092174561,0.4833427656655699,3.8809991220823865
178,0.00019814244787819124,0.4167012505014145,0.5200669377522525,0.36456884902426123,3.062116316724415
179,0.00742897379619939,0.47652494359106357,0.6665847621337114,0.4456668742318446,3.501728884519928
180,0.011506707327949783,0.6014558227563501,0.6648892902698994,0.5117014057870947,4.41977960573669
181,0.0044142325625387,0.5038951264651814,0.5931806795726814,0.4343159996669338,3.7028578311446823
182,0.007406041527200147,0.620529793112078,0.6647674049984148,0.5171011595827636,4.559944089958208
183,0.006315535103848191,0.583469595688682,0.6551668944382943,0.49460040127967747,4.287608369595823
184,0.0013069112888697276,0.613600891294095,0.651184874510437,0.5034628192890483,4.509027268162504
185,0.0035607199835179237,0.5419187205728836,0.6645956727612182,0.47389878209832514,3.982273042396385
186,0.00356633802713624,0.575248718739823,0.6654821511436898,0.49083534274015467,4.227197508307085
187,0.010548857826113256,0.5358676865250916,0.6393672522836223,0.47029287677374576,3.9378072048964903
188,0.0007906928865839546,0.5468413095148188,0.6467128715877822,0.46822520912032806,4.018446535760009
189,0.017682956341916523,0.6081588755039014,0.6663087174167877,0.5216550093189035,4.469036782588074
190,0.0005351697051558801,0.5826125979611263,0.664604745159387,0.4912228922335351,4.281310748166115
191,0.0024879180755661423,0.602498501958553,0.6439154376465507,0.4969118003488079,4.427441701769118
192,0.0037309324338288263,0.6039615311967812,0.6539123994267371,0.5018854178602405,4.438192727106413
193,0.0025760607269180724,0.6087204964671613,0.6666639324764424,0.5069354887034314,4.473163836954586
194,0.010075311360273176,0.5949201034273512,0.665252950060447,0.507111248092083,4.371752073362413
195,0.0014033435665790073,0.5750795201082892,0.6659853362771088,0.48873870450385626,4.22595415736978
196,0.0054013067715388274,0.5853032477870002,0.6661539759836174,0.4978991234601241,4.301082905615813
197,0.008300086377048821,0.6050732477978856,0.6650917989407615,0.51036424995822,4.446362142340274
198,0.0010574659490671934,0.6034535209510713,0.6428771969157664,0.49564738549933274,4.434459629448128
199,0.013198571186965324,0.5872863115787257,0.6652666371215897,0.5064217181128051,4.315655388867162
200,0.006519214063930079,0.5845492033252166,0.6593492614613753,0.496598594164951,4.2955418330915895
201,0.006372513692539883,0.5883079312022192,0.6665358054044754,0.5004872209149921,4.323162729233482
202,0.003106005444798887,0.5567588740291428,0.601118941770309,0.461821124990463,4.09132545341369
203,0.004919857307360331,0.6003687878018606,0.6665395041334287,0.5050661024483193,4.411791562823484
204,0.003007313711229642,0.5829703431463991,0.6585137944978919,0.49204662363379675,4.283939627651682
205,0.008381626184406521,0.5545344421199883,0.6633856697575814,0.48466454817167504,4.074979283978709
206,0.009928008093894825,0.5998426602746403,0.6590074713084613,0.5075515796237533,4.407925330879517
207,0.00953929057912184,0.6018182108430659,0.662980015876455,0.5093424007635913,4.422442603440641
208,0.0029300369049178876,0.5996502303080588,0.6637491145794192,0.501879886432773,4.40651126519148
209,0.0023214917126628265,0.5330869266017091,0.6621628222628825,0.4675138016923821,3.917372876168086
210,0.007998565762038723,0.6270907300776757,0.6651585882128969,0.5210915072647456,4.6081569333590435
211,0.013138202048548209,0.6057629492243811,0.6652620743229891,0.5155982989576355,4.451430392049626
212,0.012197881161998048,0.5567608260358969,0.6180447263437029,0.47599171208305735,4.091339797675256
213,0.01170434025499656,0.5789955910160903,0.6548203907790334,0.49764825299675175,4.2547312839317915
214,0.004454179794354474,0.5907376009932277,0.6508805764522496,0.4950871532266432,4.341017082927759
215,0.0041106459823474495,0.5919411642715552,0.6540650787346793,0.49630075173852883,4.349861430642919
216,0.004780319108256714,0.5612436773265042,0.6632405667364244,0.4843743277924361,4.124281892439551
217,0.009820768849968076,0.5720848837408713,0.6404040398467038,0.4879844226744149,4.203948164173713
218,0.0002798749124677258,0.5473865679853746,0.6357125033750393,0.4646869099176668,4.022453350852385
219,0.0001817790949427689,0.5978348913743872,0.6638806055999513,0.49826340646212175,4.39317130289837
220,0.0008513427280405494,0.6263762248014065,0.6653895591150232,0.5136563228632508,4.602906413322886
221,0.0026290549888052794,0.6288816910083932,0.6666636849447227,0.5170690059764187,4.621317754647597
222,0.00018665323832678382,0.6407842821653406,0.66653187142172,0.5205383557475131,4.70878357950205
223,0.006519850826709694,0.6068873314182829,0.6586727444059429,0.507565339857634,4.459692880002417
224,0.001749092857251,0.6111363840287445,0.6648404401319417,0.5067694169112057,4.490916912360032
225,0.007674336398450166,0.5635286755273405,0.6666151223252217,0.48942321085968693,4.141073131405231
226,0.0012243776189782007,0.5850958570812046,0.6610092223618883,0.492075072868147,4.299558901396028
227,0.002933799828150896,0.6201083458759447,0.6663939894004111,0.5129061695862466,4.556847097912109
228,0.013749521633410033,0.5765193884448384,0.6383471637993391,0.4935133649956309,4.236534985533787
229,0.01440626137468115,0.5999322729805822,0.6665438442079442,0.5143355511273555,4.408583847091601
230,0.0011841191584416322,0.5706550789190812,0.6620559786659873,0.48512845221777845,4.193441287438243
231,0.0024429571601718436,0.5936955228145208,0.666473923385576,0.499232895583105,4.362753280411394
232,0.0012196439659657443,0.6442505858683281,0.6633240905507353,0.5223421640653504,4.734255605599568
233,0.00482600340879813,0.5719332134640566,0.6664578991395587,0.490729979882694,4.202833619811685
234,0.012899170814519412,0.6186163956722044,0.6636684147951447,0.521307893089165,4.5458835477496935
235,0.011905216832502674,0.5993303180956823,0.6665601353654093,0.5115384164899666,4.404160400143059
236,0.010612527256485205,0.5910397382918432,0.6603624682627637,0.5042411368812358,4.343237329569371
237,0.006136218494138035,0.6438948597354974,0.6666271886258056,0.5280718049496285,4.731641563058742
238,0.0024630730096357745,0.5994766982762406,0.6592319846448645,0.4999710175412154,4.405236070395532
239,0.005751282421146087,0.6308796520066281,0.6665429115289819,0.5211539818831548,4.635999709562569
240,0.00020270759908669334,0.635270366468769,0.6664566292807289,0.5177748796176899,4.66826473967808
241,0.004003178347014469,0.6325356488049656,0.6554190676858426,0.51689672305525,4.648168751077397
242,0.0017144521887271225,0.6281386564398369,0.665684764970948,0.51548920989993,4.615857587984961
243,0.003358357737488049,0.6390164475979555,0.6661994872096081,0.5227264276993482,4.695792701582809
244,0.001473364471529237,0.6396761671994836,0.6618197360703839,0.5198573688923862,4.700640630773977
245,0.0015454691505096818,0.6446497949303502,0.6624841648022158,0.5226156160563495,4.7371891811075155
246,0.005899047811963598,0.6340855074883402,0.665241393057095,0.5225142194732622,4.659557839920466
247,0.0031180721415662305,0.5915568782946086,0.6595125570402861,0.4967502784009563,4.3470375169664415
248,0.008839054845637406,0.6254089180649687,0.6665759055901547,0.5215162855551682,4.595798189535797
249,0.001730522744961771,0.5939664100363079,0.6481727181110961,0.49316554319644457,4.3647438868250505
250,0.00040857849094244614,0.6274205100818572,0.6660162663894197,0.5139237134486969,4.610580311571896
251,0.0038520154144698893,0.5887801025259524,0.6663205042049676,0.4981382179389363,4.326632465676444
252,0.01123829564100376,0.6369049909572561,0.6657900723032942,0.52942781281062,4.680276727431634
253,0.002050569397331614,0.6106246535361675,0.6663836348509437,0.5072779866206985,4.487156476582122
254,0.0020488704019125947,0.6276146675133072,0.6610870356656916,0.5141823148582737,4.6120070714823616
255,0.006511470312896783,0.6355941155058931,0.6641525251865604,0.5235542856218114,4.670643799515094
256,0.007148107279294713,0.6140658149179923,0.6649571090805801,0.5136681474624649,4.512443745106246
257,0.005762271479623493,0.6509023384951126,0.6645472076998615,0.5305776030371383,4.783135805092087
258,0.0051384874378577194,0.6360651293561096,0.6638656004710469,0.5223307322572266,4.674105030299537
259,0.005637733380838839,0.606807913358694,0.6640400620884469,0.5082537086867199,4.459109278835353
260,0.0003580977869255264,0.6092423603916879,0.6514591436206699,0.5004170210689705,4.4769987379453555
261,0.005428812942236405,0.5928919660121257,0.6623197867209601,0.5005707319645873,4.356848367975763
262,0.015000495034250605,0.6195377762223653,0.6658497487705148,0.5245243077765877,4.552654284370151
263,0.006713584038427811,0.6462780777730861,0.6666098016165649,0.5298355634099403,4.74915456747241
264,0.0050596553701312,0.6251608814684162,0.6634214534169643,0.5166665321294286,4.5939755002385265
265,0.004731119108427606,0.6254211806546731,0.6654506993810839,0.5170769192500894,4.5958883007989
266,0.0015789178344540744,0.6488325861555289,0.6664753353277385,0.5259378115105401,4.767926293714352
267,0.005839808284925141,0.6286613888631042,0.6661152037400017,0.5200050638384777,4.619698871112002
268,0.0049359874041883245,0.6254066600042538,0.6632802570661781,0.5166233945261687,4.595781596246118
269,0.01579063449150908,0.6268526646397362,0.6592159396269807,0.5269817486994713,4.606407516814011
270,0.0002022747414063275,0.6344023589625051,0.6645945374450936,0.516781815456187,4.661886213228324
271,0.008576695864578099,0.6352802444439805,0.6635907928768842,0.5252940559496335,4.66833732767496
272,0.00297541888079067,0.6508151312488846,0.6665505227450012,0.5283481413287333,4.782494965326691
273,0.0031864598122415266,0.593676490294831,0.6610541950542111,0.4983409634759204,4.362613420526117
274,0.011739054861791054,0.6527197620919344,0.6665824777510849,0.5380736792330837,4.796491086468208
275,0.001227658437776391,0.636044977204798,0.6666606221636165,0.5192483336892604,4.673956942835739
276,0.0013873230887719856,0.6511253016021452,0.6645820083579562,0.5263245763972315,4.784774242623174
277,0.009042988981397215,0.6590880006027455,0.6664651644898468,0.538526538629724,4.843287891203694
278,0.0010114601439701332,0.6513642911009457,0.6666022738669555,0.5266742878545296,4.786530449601008
279,0.005779668500782265,0.6361185860475731,0.6666241149455873,0.523826196008245,4.674497855151806
280,0.006744374226682837,0.6620434454405905,0.6646260980430178,0.5371539263598833,4.865005886650683
281,0.005925414164753562,0.6500374634366599,0.6663325885695005,0.5308439224539336,4.77678029733868
282,0.003983706567704637,0.6523823303668435,0.6662966778118546,0.5300638750946828,4.794011479819709
283,0.004301989121531236,0.6504872055553886,0.6655565286883199,0.5292125505057215,4.780085213458851
284,0.005617893546684627,0.6397157895193863,0.6610676004820079,0.5237960684509801,4.700931794172537
285,0.003496494988870502,0.6452808737793371,0.6665231864676752,0.5260938878188416,4.741826644609958
286,0.0020893819615679377,0.6495066158394548,0.6666534151410178,0.5268387144236006,4.7728793801056755
287,0.006827047665138863,0.6554854947450101,0.6666666618775269,0.534569793600902,4.816814987763176
288,0.004986143515590236,0.6491664152678697,0.6644357794971126,0.5289000849986588,4.770379426673915
289,0.0038592319065999803,0.657551670032007,0.6664287792880962,0.5325637007090324,4.831998213280049
290,0.004136250289116461,0.6520113062144907,0.6637082496738974,0.5292543782985311,4.79128502025317
291,0.0028857088063531933,0.6436385030843534,0.6666455928048604,0.5246986381899881,4.729757734096328
292,0.002339042360378407,0.6578211453154448,0.666588721374097,0.5312262314303299,4.833978444108193
293,0.0017930737453006884,0.6578471068245908,0.6662681150718607,0.5305970616791543,4.834169221459274
294,0.0034666920594501605,0.6567456420277735,0.6665485011057036,0.531804063405048,4.826075141293752
295,0.012468992254076383,0.6406735118089126,0.6630377271845391,0.5317170663138944,4.707969586946426
296,0.018627072432309433,0.6490895133656147,0.6641191489201417,0.5424075737911593,4.769814315411593
297,0.0058622906024199395,0.6551496859336647,0.663934906479498,0.5326176055131018,4.814347307046397
298,0.0036443916764277162,0.6561541593496029,0.665069729738829,0.5312423902728779,4.821728649034113
299,0.015525460171814665,0.644089559448096,0.6666401336439691,0.5375622799890534,4.733072307905541
300,0.0014848377953633474,0.6493437410724975,0.6666337172684048,0.5261468235121335,4.771682499892615
301,0.009568152038299083,0.6439182701387084,0.6656036274265481,0.5312083753356177,4.731813593686361
302,0.0037546557461141106,0.6317345932661599,0.6603840157896265,0.517737157116082,4.642282219100284
303,0.003653118262835875,0.6566426099632271,0.6664562588402215,0.5319113008965158,4.825318013337899
304,0.00945711262491944,0.649641520289036,0.6610644235011945,0.5325971998197958,4.77387072130219
305,0.0005574718005298962,0.6524950674976756,0.6630731653745711,0.525726955161739,4.794839925156521
306,0.004271441828722189,0.6484906233291438,0.6665034092094227,0.5284677762561208,4.765413390407421
307,0.005777368662990945,0.6315519921415885,0.6662915559019752,0.5214408315043777,4.6409403803553095
308,0.004690187131955348,0.653395101753139,0.6656819450516277,0.5310923215240131,4.801453799187255
309,0.008659351716540087,0.6274507737071559,0.6664882564699453,0.5223312155111016,4.610802702891141
310,0.010813710371693652,0.6420127579179873,0.6666359989830787,0.5318108890256109,4.717810995768148
311,0.0030227607845692006,0.6510747660276927,0.6666100060979857,0.5285431456278112,4.7844028835093715
312,0.0019056663019414444,0.6515067215945871,0.6666099267294718,0.5276420051180766,4.78757709570071
313,0.00250989810406832,0.6543738191924786,0.6666163096109337,0.5296817005835877,4.80864587417349
314,0.0005932365387488758,0.6317324493471725,0.666592142064632,0.5164371038317248,4.6422664645775775
315,0.003901292000175971,0.6399025701465816,0.665682024245763,0.5235571843471957,4.702304345863934
316,0.004605439868941019,0.6536188640469516,0.6666547535030759,0.5314112979433396,4.803098109517801
317,0.0022036278358150696,0.6475263710544087,0.6665826184871063,0.5259415989091513,4.758327612238165
318,0.003914100358584527,0.6429295760988787,0.6661056158030937,0.525210573148952,4.72454820595842
319,0.008284149444096833,0.6480706053248763,0.6649390328033654,0.5318011619475446,4.762326901027708
320,0.004688035510706179,0.6445105115865236,0.6666662328739752,0.5269431611661606,4.736165661741384
321,0.0036410788713439057,0.6371416155643779,0.6666560406211757,0.5222086988398855,4.682015556075739
322,0.008228014408710571,0.6313094465524232,0.6660638675321714,0.5237018979445736,4.639158041556856
323,0.005491470945631072,0.6442892927310073,0.6665300842578014,0.5275951425884752,4.734540041788892
324,0.002482668427584933,0.6398284419093716,0.666589806106849,0.5223738312143255,4.7017596167938445
325,0.012919755561406454,0.6546457395681095,0.6664136188604822,0.5401667110036058,4.810644072686375
326,0.0008805788588759356,0.6553911581835273,0.6603430051494247,0.526679059495467,4.816121758444012
327,0.0011298825963317327,0.6506878791125003,0.6656484524028379,0.5261683578734332,4.781559856918229
328,0.0077352783549828885,0.6402464284546389,0.6626248431868229,0.5266459455383492,4.704831178059605
329,0.00048073477777954565,0.6438423070898001,0.6666438613518276,0.5223950467282279,4.731255381558967
330,0.009590253705825447,0.6507750515125951,0.6666215997594995,0.5349642593899728,4.7822004406178875
331,0.00014296469650343369,0.6384091696057373,0.6663274052292398,0.5192457710681441,4.69133013794394
332,0.005835375055655234,0.6558899848839879,0.6666643933696514,0.5337796855085446,4.819787371102626
333,0.005461448483865539,0.6534739743424038,0.666578385594102,0.5321719513332981,4.802033391982428
334,0.0036616476891868643,0.6449923752123795,0.6623771049134956,0.5248709667694252,4.7397066217682475
335,0.0056579105561294085,0.6397374198143121,0.6664962961432511,0.5254755093062607,4.7010907437292
336,8.814203824414335e-05,0.6432530549023133,0.6649671756336889,0.5212048221795075,4.726925279991483
337,0.002973361853853218,0.6396655977193086,0.6666553979616375,0.5228027801019988,4.7005629612741515
338,0.0016852931726871745,0.6515225508042192,0.6656276722163542,0.527134870239703,4.7876934161606
339,0.008534786252559101,0.6506387713796408,0.6666026849449741,0.5338349774258717,4.781198990254437
340,0.0018441206861066206,0.6513611020449686,0.6666537725616313,0.5275208034770803,4.786507014921292
341,0.0006101875686104208,0.6449253211800733,0.6663932165149841,0.5229908131131422,4.739213877275208
342,0.003929949063001814,0.646960720090651,0.666632813334472,0.527400153108669,4.754170943537004
343,0.002752310610659059,0.6562570671517802,0.665678252884477,0.5305843200518923,4.822484863851771
344,0.006372658505438444,0.6514771915450539,0.666566090801399,0.5320810815183851,4.787360095040404
345,0.0019988537303903264,0.6478993282889022,0.6666538199911032,0.5259446638721723,4.76106827699933
346,0.011401116642270281,0.6524388478621073,0.666650469891315,0.5376156815407185,4.794426796894518
347,0.0009188602483352071,0.6519232169483878,0.6664865165239171,0.5268264236797042,4.7906376989918655
348,0.005683950743635258,0.6323161112778345,0.659619840068686,0.5197279584031583,4.646555486314806
349,0.010383362456177991,0.6511525076649958,0.6632515088985615,0.5349350689582444,4.784974165538856
350,0.00373823212771196,0.6486019940678073,0.6664752894932541,0.5279818160095918,4.766231794853429
351,0.0066937636668580325,0.6384244914141619,0.6666523326970317,0.5259017091830485,4.69144272978167
352,0.01696284328560793,0.655347739505867,0.6665824475380567,0.5446114472999585,4.81580269762729
353,0.0007374929257499829,0.6465916021395184,0.6665288861266215,0.5239919598334957,4.7514584916314755
354,0.002960671695294792,0.6505716911645018,0.6661067638395373,0.5280785464294069,4.780706053357657
355,0.003518861106987181,0.6550826187629099,0.6666643194227347,0.5310594663152626,4.813854466005872
356,0.0032362155215706068,0.6488258522912141,0.6666560588589812,0.527645959324872,4.767876810119647
357,0.014823220235402168,0.6564948846223463,0.6665194556122241,0.5430264992302425,4.824232458216189
358,0.0011353252412860115,0.6570128429589118,0.6664471979556742,0.5295759061074442,4.828038659114008
359,0.004534207172007143,0.6403073242956423,0.6661523129717029,0.5245335632113391,4.705278669273353
360,0.009520753844409313,0.645031158663761,0.6652836855025318,0.5316214388270494,4.739991620767293
361,0.011761960851654152,0.6578110462574963,0.6664818205829494,0.5406120301552871,4.833904231491624
362,0.009239649225705193,0.6584402002807846,0.6661785322928738,0.5383133090539597,4.83852755047165
363,0.004602179109105542,0.6544795164672345,0.6666087173862221,0.5318245525585894,4.809422587344554
364,0.013256896596935519,0.6589472332009015,0.6666139048984163,0.5427146846669112,4.842253466282889
365,0.00019997233387769597,0.652250324609198,0.6666130459683675,0.526309048428987,4.793041439571685
366,0.002140290367434794,0.6539646273603846,0.6666666610119398,0.529122602351209,4.805638940586856
367,0.0016511798025122815,0.6563971688884794,0.6653903129980906,0.5294668581461792,4.823514397152743
368,0.0011242025692954627,0.6451469672247693,0.6661231275959534,0.5235346244604662,4.740842636414242
369,0.001918420451027636,0.6516273004449866,0.6666407785830855,0.5277243042484465,4.788463165672461
370,0.007035574296659242,0.658778644898449,0.666653071975927,0.5364208183386618,4.841014600330056
371,0.0026242322407057372,0.6610763398371469,0.6666615379714546,0.5331608635507156,4.857899140883212
372,0.0035713000726262933,0.6511487955832619,0.6666541023627257,0.529141928573075,4.78494688742046
373,0.0031158663924264474,0.659439995611889,0.6664352655772205,0.5327664438715372,4.845874515696918
374,0.01087587873632856,0.6539602139230758,0.666616208178864,0.5378408481515257,4.805606508578601
375,0.0011475566499346002,0.6542766613316642,0.6666153677886817,0.5282704976523712,4.807931912623004
376,0.0036879745877440584,0.6596606781937635,0.6659522518854383,0.5333039892502573,4.847496194859056
377,0.003163851777484794,0.6577218601299171,0.6661511334882254,0.5318701218889109,4.833248849977512
378,0.01074091963172652,0.6531831405454173,0.6663406775689904,0.5372346931751323,4.799896208774707
379,0.0059995134517043525,0.6499669383121264,0.666576075786952,0.5309558053438531,4.776262045631221
380,0.002508717590171905,0.6513755238460507,0.6666259964218506,0.5281842784397525,4.786612993082762
381,0.008670477850809988,0.6525355102479016,0.6666592412894613,0.5349360053615991,4.795137117462066
382,0.004269261120376733,0.6540352680681021,0.6664134627483603,0.5312109339789359,4.806158041653786
383,0.006430472755158512,0.6524012064595399,0.6662076233581612,0.5324933629923768,4.79415019020604
384,0.0079993079943117,0.6547165805574932,0.666519900485502,0.5353135684187089,4.811164645516967
385,0.005031587670971227,0.6544367777906624,0.6666663539383063,0.5322498827477944,4.8091085234949045
386,0.009436452891567804,0.6568641870253841,0.6662234372317624,0.5377355775737885,4.826946265560868
387,0.0022702867272030858,0.6551710923449804,0.6666434099003062,0.5298488558697851,4.814504611401239
388,0.0007085548416236875,0.6512106801704765,0.6665965733011517,0.5262928669172074,4.785401644405316
389,0.004747972163346326,0.6533229145288446,0.6666615099676397,0.5314078824180606,4.800923333590847
390,0.0002697084653568993,0.6557458323605893,0.6666610713629624,0.5281409460545402,4.818728070720242
391,0.006962754090557688,0.6544879181898063,0.6664664888308937,0.534146659834729,4.809484327144339
392,0.007530211393342867,0.6495670078080175,0.6666266475351412,0.5323017095578939,4.7733231686282975
393,0.002957619423185065,0.6550682071012731,0.6664371604551337,0.5304228711103617,4.813748562353805
394,0.007383334512264916,0.6545127779918934,0.6666656318702676,0.534639413069292,4.809667008634999
395,0.010631574284325929,0.6584458831371542,0.6663750475566755,0.5397670301199057,4.838569310766811
396,0.00511829952375642,0.6511184652514851,0.6661634896884777,0.5305265790560423,4.7847240059107135
397,0.0010263407310286965,0.6550451863322907,0.6663151031397992,0.5284434648391139,4.813579394941325
398,0.012300468597024938,0.6595116273332744,0.666663427202923,0.542055310424539,4.846400899197292
399,0.006545779772801019,0.6499440450346864,0.6663698575782201,0.5314287595636102,4.7760938150864165
400,0.00030426379046044616,0.657669283573359,0.6666500089562112,0.5291339082640033,4.832862492769512
401,0.0071278360621107595,0.6575008107019104,0.6665867947734203,0.535854279845092,4.83162447505786
402,0.0020930458313426215,0.6586145120473238,0.666258108916476,0.5312777345299473,4.839808475124202
403,0.009894085715271395,0.6525203424375374,0.6666165137023413,0.5361392110447425,4.795025657274344
404,0.009470688647428283,0.6574178181924731,0.666619011832798,0.5381653012935043,4.831014607156077
405,0.007856862713603086,0.6555710442663463,0.6666665933839683,0.5356423628619666,4.817443645788216
406,0.004490939282757012,0.6535318505205582,0.6664817579143233,0.5312013919173331,4.802458693296649
407,0.0022902105078186352,0.6606520538335326,0.66654955920983,0.532581105187534,4.854781288241634
408,0.0005231276458514955,0.6610994989913354,0.6666502919177197,0.531067964716835,4.858069325215121
409,0.004417610501842084,0.6588217796463293,0.6666386262534114,0.5338200882010301,4.841331574697528
410,0.003448373008639649,0.6577079836629925,0.6666340065344035,0.532292566800457,4.833146879187319
411,0.004850929123558778,0.6600842964756781,0.6666666404021961,0.5348930694820566,4.850609140768271
412,0.010526099909169417,0.6591302966882389,0.6660663135842219,0.5399111423285554,4.843598702686422
413,0.007468516249281798,0.6548558856658904,0.6665434980893596,0.5348595085090349,4.812188324819376
414,0.004982839964686292,0.6588693229470888,0.6664167568525797,0.5343425284940047,4.8416809451801734
415,2.754600823173803e-05,0.6565264785368622,0.6666665949679907,0.5282907637670601,4.824464625124812
416,0.001732668494192069,0.6565157014398245,0.666571130220302,0.5299618582801949,4.82438542995886
417,0.0030557435658478127,0.6574263497604024,0.6665201562370094,0.5317249653171519,4.831077301120475
418,0.0053089932925507455,0.6612961073857027,0.66665072007566,0.5359522630081001,4.859514095951165
419,0.0058045178994055036,0.6605389342620824,0.666659845824985,0.5360719387779422,4.853950032551708
420,0.006781327757097166,0.6578533274369429,0.6666303294894155,0.5356970903223932,4.834214933437725
421,0.0028510718393661705,0.6597700178364202,0.666602939734659,0.532716962677974,4.848299673858556
422,1.945393410807128e-07,0.659015524258249,0.6666660919097401,0.5295077842413877,4.842755301016378
423,0.00047609346929267105,0.6616343475483567,0.6663471771342385,0.5311974203837426,4.86199964337822
424,0.0021821010556752896,0.6600428498120321,0.6665961396356358,0.532182367852382,4.850304571235851
425,0.0033520689884962707,0.659048471980296,0.6666572750466345,0.5328734874926346,4.842997416337985
426,0.009216461857651126,0.6632445567309881,0.6666125515092841,0.5408225056759304,4.873832216007993
427,0.009069763906469852,0.6599848933659426,0.6663905440064789,0.5389793737913848,4.849878680075177
428,0.001261140391343396,0.6577394448987434,0.6665334433168718,0.5300908958357766,4.833378071110119
429,0.005452312253058977,0.6605452986693509,0.6666573714611311,0.5357221730260737,4.853996801202677
430,0.0005771969589476456,0.6606880314442575,0.6666660903910303,0.5309210397983855,4.855045668606955
431,0.00282724991321448,0.6604153476400542,0.6666647652981806,0.5330343533226958,4.853041860062698
432,0.0010008500648952534,0.6625375608780194,0.6666659823095478,0.5322694251967692,4.868636878737881
433,0.004139785246921157,0.6634349478700731,0.6663450039623379,0.535760760370659,4.875231299434909
434,0.002587859628218503,0.659996759444328,0.6666666666652062,0.5325862393499443,4.849965877587054
435,0.0022894651834723945,0.6599013513742064,0.6666374145460643,0.5322313652343948,4.849264774319629
436,0.0006043199118677123,0.6639890258280898,0.6666588205919773,0.5325964790035058,4.879302924259502
437,0.009686547535262768,0.6633304026906274,0.666476255411748,0.5412946255041009,4.87446305240078
438,0.0017656520026934075,0.6615250161797459,0.6666623433588009,0.5325268631002067,4.86119622518029
439,0.0007188516621141616,0.6593244598504903,0.6666053840056752,0.5303626967890618,4.845025504709505
440,0.001492375532488488,0.6625715799855844,0.666446771188833,0.5327121968819306,4.868886867102998
441,0.018571337059215764,0.6648074470272799,0.6666492558897836,0.5509698373397908,4.885317067257579
442,0.006029341335063165,0.6625347186036207,0.6666666666449568,0.5372967006303605,4.868615992371923
443,0.015833896116629553,0.6648661547696639,0.6666656970872038,0.5482666826276227,4.885748479295954
444,0.0004944723290591924,0.6609047449407396,0.6665151216027277,0.5309013812802473,4.856638181067222
445,0.0010913382959936158,0.6649975257156489,0.6666197773865999,0.5335760343697981,4.886713854650023
446,0.0059284397898364816,0.6639325163983602,0.6665905068980501,0.5378718500584316,4.8788876664540215
447,0.0004013168785084176,0.6632145353748151,0.666616922769249,0.5319936613966907,4.873611604995962
448,0.005729124780113004,0.6640015123339617,0.6665266330330043,0.5376878708569951,4.879394680963671
449,0.0016940814591670517,0.663507202919427,0.6666245107532024,0.5334350361448412,4.875762263441679
450,0.0076450352594958915,0.6629710278606068,0.6666553693563675,0.5391271599967096,4.87182219752093
451,0.0004932476599028845,0.6600417581981869,0.6666280289307868,0.5305025354382323,4.8502965495451
452,0.004765744547022166,0.6656664513488383,0.6666324217500637,0.5375886967464604,4.89162943408157
453,0.0003222026920726151,0.6600756622133098,0.6660878000903783,0.530186373825841,4.850545692156948
454,0.0013855476268966882,0.6620355283422351,0.6666544485798589,0.5323996463719719,4.8649477080970405
455,0.009697562249561642,0.6606126479738568,0.6665997196421645,0.5399838021291393,4.854491715494389
456,0.009469641894916059,0.663865870856704,0.6652332740510579,0.5409725595385855,4.878397923741955
457,8.95533360001366e-05,0.6591227731342285,0.666145740368766,0.5294946620137442,4.843543416081289
458,0.007338798227893406,0.664688134068156,0.6666394950391724,0.5396747137737231,4.884440299648913
459,0.015576890855643732,0.66320527849139,0.6665852745242445,0.547155112458612,4.873543581072962
460,0.007757044104966582,0.6627877920752034,0.6666665670592354,0.5391509102603389,4.870475694990361
461,0.011206052392806143,0.6617145767376561,0.6666663387360862,0.5420632423824601,4.862589205107002
462,0.009186967994050832,0.6619401092145211,0.6655993284039274,0.5398368211224895,4.864246523573238
463,0.0018315244432445255,0.6642752988691099,0.6666519506585439,0.5339647590753627,4.881406592892343
464,0.008654333292037464,0.6625275264972207,0.6656461707691068,0.5396119477713799,4.868563141399356
465,0.0050266704621382274,0.6605576148878898,0.6658279402945849,0.5350538599944585,4.85408730655562
466,0.0010509583778626208,0.6625626233021588,0.6660795377225411,0.5321561313457044,4.8688210491904576
467,0.001591999865359739,0.6628992904041637,0.6666056418199798,0.5330233376134356,4.871295037029738
468,0.0013613481691923113,0.6625108694384754,0.6666625726954956,0.5326155546970787,4.868440737515732
469,0.010903611983865247,0.6615695579800206,0.6664779016175412,0.5416317614591379,4.861523539228984
470,0.0013984750063755769,0.6603320750161744,0.666608470043751,0.5315470535275881,4.852429933748554
471,0.007388779662571565,0.6556089340614608,0.66660831364606,0.5351757407871199,4.817722077781683
472,0.00825847799803725,0.6633713807770918,0.6661056864038695,0.539775874307744,4.8747641786082
473,0.010499461224416251,0.6625889249968007,0.666662200812467,0.5417925839665567,4.869014326384187
474,7.379111144434347e-05,0.6610734686253542,0.6665691682496969,0.5305812758990305,4.8578780418717065
475,0.0029488644401238773,0.6657950206876877,0.6665672979113934,0.5358165641573858,4.892574221911814
476,0.013271769714076953,0.6610277284728374,0.6663116972670913,0.543679143130623,4.857541921768437
477,0.0006050241962212155,0.6642304495701765,0.6666593944796703,0.5327180673252105,4.8810770191992185
478,0.008577595508381108,0.6577777369824452,0.666610011400588,0.5374494674197801,4.833659459308892
479,0.0017664061624707017,0.662935536398025,0.6666545319024078,0.5332305339322055,4.871561389600279
480,0.01699312850085999,0.6608341557731002,0.6666475299025306,0.5474044653581693,4.856119458740969
481,0.005772534527101136,0.6610044462995058,0.6665145309007523,0.5362291169470798,4.857370833434141
482,0.0020797886968964008,0.6580406263414718,0.6666028031284154,0.5310809428061569,4.835591293674159
483,0.005644747847607157,0.6616519145939653,0.666420615267551,0.5363968897248551,4.862128734272308
484,0.005055338664798903,0.6630238612658178,0.6666100976494149,0.5365502985925323,4.872210442173352
485,0.017458206942788657,0.6626331639960339,0.6665039404335499,0.5487259710708705,4.869339415308745
486,0.007326082426033942,0.6591552560994407,0.6664514662107518,0.5368391503389798,4.843782116151596
487,0.0006230446024320102,0.6618491140322591,0.6665629204239096,0.5315164777457344,4.863577848276457
488,0.002454902311877838,0.6642997310429527,0.6666609879890022,0.5346030642300549,4.88158613197001
489,0.0008458858705333583,0.6628112507534918,0.6663634922016672,0.5321605589077794,4.870648080365901
490,0.004212646782281837,0.6567322810549924,0.6666654921094016,0.5325784349425985,4.825976958596409
491,0.013444448506035656,0.6599025674121946,0.6664189676748147,0.5433214225145773,4.849273710337365
492,0.007463900875372076,0.6611660298501839,0.6666658762362639,0.5380466786713431,4.8585582251841055
493,0.00384563842898622,0.6583212134568062,0.666644190087497,0.5329995021836385,4.837653179457065
494,0.002788316045596595,0.6615180273462138,0.6666444614045755,0.5335406681400761,4.861144867952137
495,0.012624200732505031,0.6621793958204055,0.6666276034010038,0.5437021796630089,4.866004913833335
496,0.005231284751630483,0.663387867075898,0.6664163933616651,0.5368501362980791,4.874885327667667
497,0.010879897122579862,0.6601691677060798,0.6664063673847237,0.5408863911910369,4.85123281439325
498,0.0004800914636113873,0.6599413253253651,0.6650780408638794,0.5299741663854578,4.849558521669654
499,0.005354610543310656,0.660809071372117,0.6665926264909954,0.5357369341766678,4.855935126792232
500,0.005029251883959418,0.6598191793241744,0.6665995751051427,0.5349187140775894,4.848660935538539
501,0.001998597093281873,0.6570141946690163,0.6664797727912181,0.5304496262651555,4.828048592114117
502,0.005013211789457905,0.6618471851390292,0.6666646162314113,0.5359361892283958,4.863563673863912
503,0.009060789873879038,0.6596676912157577,0.6666645023627423,0.5388939861905806,4.8475477298353775
504,0.012114981021530191,0.6566425280571565,0.6666600282954853,0.5404342535387541,4.82531741145366
